{
  "_use_trajectory_view_api": false,
  "after_train_step": null,
  "batch_mode": "truncate_episodes",
  "broadcast_interval": 1,
  "callbacks": "<class 'ray.rllib.agents.callbacks.DefaultCallbacks'>",
  "clip_actions": true,
  "clip_rewards": null,
  "collect_metrics_timeout": 180,
  "compress_observations": false,
  "create_env_on_driver": false,
  "custom_eval_function": null,
  "custom_resources_per_worker": {},
  "decay": 0.99,
  "eager_tracing": false,
  "entropy_coeff": 0.01,
  "entropy_coeff_schedule": null,
  "env": null,
  "env_config": {},
  "epsilon": 0.1,
  "evaluation_config": {},
  "evaluation_interval": null,
  "evaluation_num_episodes": 10,
  "evaluation_num_workers": 0,
  "exploration_config": {
    "type": "StochasticSampling"
  },
  "explore": true,
  "extra_python_environs_for_driver": {},
  "extra_python_environs_for_worker": {},
  "fake_sampler": false,
  "framework": "tf",
  "gamma": 0.99,
  "grad_clip": 40.0,
  "horizon": null,
  "ignore_worker_failures": false,
  "in_evaluation": false,
  "input": "sampler",
  "input_evaluation": [
    "is",
    "wis"
  ],
  "learner_queue_size": 16,
  "learner_queue_timeout": 300,
  "local_tf_session_args": {
    "inter_op_parallelism_threads": 8,
    "intra_op_parallelism_threads": 8
  },
  "log_level": "WARN",
  "log_sys_usage": true,
  "logger_config": null,
  "lr": 0.0005,
  "lr_schedule": null,
  "max_sample_requests_in_flight_per_worker": 2,
  "memory": 0,
  "memory_per_worker": 0,
  "metrics_smoothing_episodes": 100,
  "min_iter_time_s": 10,
  "minibatch_buffer_size": 1,
  "model": {
    "_time_major": false,
    "conv_activation": "relu",
    "conv_filters": null,
    "custom_action_dist": null,
    "custom_model": null,
    "custom_model_config": {},
    "custom_preprocessor": null,
    "dim": 84,
    "fcnet_activation": "tanh",
    "fcnet_hiddens": [
      256,
      256
    ],
    "framestack": true,
    "free_log_std": false,
    "grayscale": false,
    "lstm_cell_size": 256,
    "lstm_use_prev_action_reward": false,
    "max_seq_len": 20,
    "no_final_linear": false,
    "use_lstm": false,
    "vf_share_layers": true,
    "zero_mean": true
  },
  "momentum": 0.0,
  "monitor": false,
  "multiagent": {
    "observation_fn": null,
    "policies": {},
    "policies_to_train": null,
    "policy_mapping_fn": null,
    "replay_mode": "independent"
  },
  "no_done_at_end": false,
  "normalize_actions": false,
  "num_aggregation_workers": 0,
  "num_cpus_for_driver": 1,
  "num_cpus_per_worker": 1,
  "num_data_loader_buffers": 1,
  "num_envs_per_worker": 1,
  "num_gpus": 0,
  "num_gpus_per_worker": 0,
  "num_sgd_iter": 1,
  "num_workers": 14,
  "object_store_memory": 0,
  "object_store_memory_per_worker": 0,
  "observation_filter": "NoFilter",
  "opt_type": "adam",
  "optimizer": {},
  "output": null,
  "output_compress_columns": [
    "obs",
    "new_obs"
  ],
  "output_max_file_size": 67108864,
  "postprocess_inputs": false,
  "preprocessor_pref": "deepmind",
  "remote_env_batch_wait_ms": 0,
  "remote_worker_envs": false,
  "replay_buffer_num_slots": 0,
  "replay_proportion": 0.0,
  "replay_sequence_length": 1,
  "rollout_fragment_length": 50,
  "sample_async": false,
  "seed": null,
  "shuffle_buffer_size": 0,
  "soft_horizon": false,
  "synchronize_filters": true,
  "tf_session_args": {
    "allow_soft_placement": true,
    "device_count": {
      "CPU": 1
    },
    "gpu_options": {
      "allow_growth": true
    },
    "inter_op_parallelism_threads": 2,
    "intra_op_parallelism_threads": 2,
    "log_device_placement": false
  },
  "timesteps_per_iteration": 0,
  "train_batch_size": 500,
  "vf_loss_coeff": 0.5,
  "vtrace": true,
  "vtrace_clip_pg_rho_threshold": 1.0,
  "vtrace_clip_rho_threshold": 1.0
}